row #,tables,category,FXY,code figure,note (github),note id,note (manual),note applies to,my comment
1000,Code Flag Tables for BUFRCREX Table B,01,001003,/,/,/,/,/,no notes
1001,Code Flag Tables for BUFRCREX Table B,01,001007,n/a,n/a,no id,(See common Code table C-5 Part C/c.),table,no codes
1002,Code Flag Tables for BUFRCREX Table B,01,001024,/,/,/,/,/,no notes
1003,Code Flag Tables for BUFRCREX Table B,01,001028,/,/,/,/,/,no notes
1004,Code Flag Tables for BUFRCREX Table B,01,001029,n/a,n/a,*,Surface solar irradiance,title,
1005,Code Flag Tables for BUFRCREX Table B,01,001031,n/a,n/a,no id,(See common Code table C-1 in Part C/c.),table,no codes
1006,Code Flag Tables for BUFRCREX Table B,01,001033,n/a,n/a,no id,(See common Code table C-1 in Part C/c.),table,no codes
1007,Code Flag Tables for BUFRCREX Table B,01,001034,n/a,n/a,no id,(To be defined by centres themselves -See common Code table C-12 in Part C/c.),table,
1008,Code Flag Tables for BUFRCREX Table B,01,001036,n/a,n/a,no id,(The first three digits represent the ISO country code),table,
1009,Code Flag Tables for BUFRCREX Table B,01,001038,/,/,/,/,/,no notes
1010,Code Flag Tables for BUFRCREX Table B,01,001044,/,/,/,/,/,no notes
1011,Code Flag Tables for BUFRCREX Table B,01,001052,/,/,/,/,/,no notes
1012,Code Flag Tables for BUFRCREX Table B,01,001090,/,/,/,/,/,no notes
1013,Code Flag Tables for BUFRCREX Table B,01,001092,/,/,/,/,/,no notes
1014,Code Flag Tables for BUFRCREX Table B,01,001101,n/a,n/a,1,"EPSG is a dataset of coordinate system and coordinate system transformations, originally produced and maintained by the European Petroleum Survey Group. It is now maintained by the Geodesy Subcommittee of the International Association of Oil and Gas Producers Geomatics Committee.",table,
1015,Code Flag Tables for BUFRCREX Table B,01,001150,n/a,n/a,2,"When Code figure 4 is used to specify a custom coordinate reference system, the ellipsoidal datum shall be an oblate ellipsoid of revolution, where the major axis is uniplanar with the equatorial plane and the minor axis traverses the prime meridian towards the prime pole. North corresponds to the directionfrom the Equator to the prime pole. East corresponds to the counterclockwise direction from the primemeridian as viewed from above the North Pole. In this case, the semi-major and semi-minor axes mustbe specified (e.g. by descriptors 0 01 152 and 0 01 153).",tbd ,
1016,Code Flag Tables for BUFRCREX Table B,01,001150,/,/,/,/,/,no notes
1017,Code Flag Tables for BUFRCREX Table B,01,001151,/,/,/,/,/,no notes
1018,Code Flag Tables for BUFRCREX Table B,02,002001,/,/,/,/,/,no notes
1019,Code Flag Tables for BUFRCREX Table B,03,002002,/,/,/,/,/,no notes
1020,Code Flag Tables for BUFRCREX Table B,04,002003,/,/,/,/,/,no notes
1021,Code Flag Tables for BUFRCREX Table B,05,002004,/,/,/,/,/,no notes
1022,Code Flag Tables for BUFRCREX Table B,06,002006,/,/,/,/,/,no notes
1023,Code Flag Tables for BUFRCREX Table B,07,002007,/,/,/,/,/,no notes
1024,Code Flag Tables for BUFRCREX Table B,08,002008,/,/,/,/,/,no notes
1025,Code Flag Tables for BUFRCREX Table B,09,002011,n/a,n/a,no id,(See common Code table C-2 in Part C/c.),table,no codes
1026,Code Flag Tables for BUFRCREX Table B,10,002012,n/a,n/a,no id,(To be developed),table,no codes
1027,Code Flag Tables for BUFRCREX Table B,11,002013,8,*,*,GRUAN = GCOS Reference Upper-Air Network,code,
1028,Code Flag Tables for BUFRCREX Table B,12,002014,n/a,n/a,no id,(See common Code table C-7 in Part C/c.),table,no codes
1029,Code Flag Tables for BUFRCREX Table B,13,002015,/,/,/,/,/,no notes
1030,Code Flag Tables for BUFRCREX Table B,14,002016,/,/,/,/,/,no notes
1031,Code Flag Tables for BUFRCREX Table B,15,002017,/,/,/,/,/,no notes
1032,Code Flag Tables for BUFRCREX Table B,16,002019,n/a,n/a,no id,(See common Code table C-8 in Part C/c.),table,no codes
1033,Code Flag Tables for BUFRCREX Table B,17,002020,/,/,/,/,/,no notes
1034,Code Flag Tables for BUFRCREX Table B,18,002021,/,/,/,/,/,no notes
1035,Code Flag Tables for BUFRCREX Table B,19,002022,n/a,n/a,1,"Clear path means the sounding has been generated from clear radiances derived from actual clear spot measurements. Tropospheric and stratospheric HIRS data, as well as MSU and SSU data, have been used.",tbd ,
1036,Code Flag Tables for BUFRCREX Table B,20,002022,n/a,n/a,2,"Partly cloudy path means the sounding has been generated from clear radiances which have been calculated from partly cloudy spots. Tropospheric and stratospheric HIRS data, as well as MSU and SSU data, have been used.",tbd ,
1037,Code Flag Tables for BUFRCREX Table B,21,002022,n/a,n/a,3,"Cloudy path means the sounding has been generated only from stratospheric HIRS data, MSU data andSSU data. Tropospheric HIRS data have not been used because of cloudy conditions.",tbd ,
1038,Code Flag Tables for BUFRCREX Table B,22,002023,/,/,/,/,/,no notes
1039,Code Flag Tables for BUFRCREX Table B,23,002024,/,/,/,/,/,no notes
1040,Code Flag Tables for BUFRCREX Table B,24,002025,n/a,n/a,no id,"Bit flags denoting the instrument and/or channels used in obtaining various physical parameters. If, in any grouping of parameters, all bits = 0, then no retrieval was made for that parameter or set of parameters.",table,at top of table
1041,Code Flag Tables for BUFRCREX Table B,25,002025,16,*,*,HIRS* is equivalent to: HIRS channels 1 (669 cm-1)2 (679 cm-1)3 (690 cm-1)4 (2358 cm-1),code,"superscript, formatted "
1042,Code Flag Tables for BUFRCREX Table B,26,002025,21,*,*,HIRS* is equivalent to: HIRS channels 1 (669 cm-1)2 (679 cm-1)3 (690 cm-1)4 (2358 cm-1),code,"superscript, formatted "
1043,Code Flag Tables for BUFRCREX Table B,27,002030,1,*,*,Value deprecated. Code figure 6 should be used instead.,code,
1044,Code Flag Tables for BUFRCREX Table B,28,002031,n/a,n/a,1,Code figures 1-9: Duration and time of current measurement (vector or Doppler current profiling method).,tbd ,
1045,Code Flag Tables for BUFRCREX Table B,29,002031,n/a,n/a,2,Code figures 11-19: Period of current measurement (drift method).,tbd ,
1046,Code Flag Tables for BUFRCREX Table B,30,002031,n/a,n/a,3,H = Time of observation.,tbd ,
1047,Code Flag Tables for BUFRCREX Table B,31,002032,/,/,/,/,/,no notes
1048,Code Flag Tables for BUFRCREX Table B,32,002033,/,/,/,/,/,no notes
1049,Code Flag Tables for BUFRCREX Table B,33,002034,/,/,/,/,/,no notes
1050,Code Flag Tables for BUFRCREX Table B,34,002036,/,/,/,/,/,no notes
1051,Code Flag Tables for BUFRCREX Table B,35,002037,/,/,/,/,/,no notes
1052,Code Flag Tables for BUFRCREX Table B,36,002038,/,/,/,/,/,no notes
1053,Code Flag Tables for BUFRCREX Table B,37,002039,/,/,/,/,/,no notes
1054,Code Flag Tables for BUFRCREX Table B,38,002040,/,/,/,/,/,no notes
1055,Code Flag Tables for BUFRCREX Table B,39,002041,/,/,/,/,/,no notes
1056,Code Flag Tables for BUFRCREX Table B,40,002042,/,/,/,/,/,no notes
1057,Code Flag Tables for BUFRCREX Table B,41,002044,/,/,/,/,/,no notes
1058,Code Flag Tables for BUFRCREX Table B,42,002045,/,/,/,/,/,no notes
1059,Code Flag Tables for BUFRCREX Table B,43,002046,/,/,/,/,/,no notes
1060,Code Flag Tables for BUFRCREX Table B,44,002047,/,/,/,/,/,no notes
1061,Code Flag Tables for BUFRCREX Table B,45,002048,/,/,/,/,/,no notes
1062,Code Flag Tables for BUFRCREX Table B,46,002049,n/a,n/a,1,Clear sounding indicates the sounding has been generated from a set of clear radiances using all available sounder radiances.,tbd ,
1063,Code Flag Tables for BUFRCREX Table B,47,002049,n/a,n/a,2,Cloudy sounding indicates that sufficient clear radiances could not be identified in the sounding area. The sounding is calculated from the cloud top (cloud pressure greater than or equal to 780 hPa) upwards.,tbd ,
1064,Code Flag Tables for BUFRCREX Table B,48,002050,n/a,n/a,no id,"Beginning with the first bit position (high order bit), if the bit position is set to one, then the channel is used. If the bit position is set to zero, then the channel is not used.",tbd ,
1065,Code Flag Tables for BUFRCREX Table B,49,002051,/,/,/,/,/,no notes
1066,Code Flag Tables for BUFRCREX Table B,50,002052,n/a,n/a,no id,"Beginning with the first bit position (high order bit), if the bit position is set to one, then the channel is used. If the bit position is set to zero, then the channel is not used.",tbd ,
1067,Code Flag Tables for BUFRCREX Table B,51,002053,/,/,/,/,/,no notes
1068,Code Flag Tables for BUFRCREX Table B,52,002054,/,/,/,/,/,no notes
1069,Code Flag Tables for BUFRCREX Table B,53,002055,/,/,/,/,/,no notes
1070,Code Flag Tables for BUFRCREX Table B,54,002056,/,/,/,/,/,no notes
1071,Code Flag Tables for BUFRCREX Table B,55,002057,/,/,/,/,/,no notes
1072,Code Flag Tables for BUFRCREX Table B,56,002058,/,/,/,/,/,no notes
1073,Code Flag Tables for BUFRCREX Table B,57,002059,/,/,/,/,/,no notes
1074,Code Flag Tables for BUFRCREX Table B,58,002060,/,/,/,/,/,no notes
1075,Code Flag Tables for BUFRCREX Table B,59,002061,/,/,/,/,/,no notes
1076,Code Flag Tables for BUFRCREX Table B,60,002062,/,/,/,/,/,no notes
1077,Code Flag Tables for BUFRCREX Table B,61,002064,1,n/a,no id,Bad is currently defined as a roll angle > 5 degrees from vertical.,code,
1078,Code Flag Tables for BUFRCREX Table B,62,002066,/,/,/,/,/,no notes
1079,Code Flag Tables for BUFRCREX Table B,63,002070,/,/,/,/,/,no notes
1080,Code Flag Tables for BUFRCREX Table B,64,002080,/,/,/,/,/,no notes
1081,Code Flag Tables for BUFRCREX Table B,65,002081,/,/,/,/,/,no notes
1082,Code Flag Tables for BUFRCREX Table B,66,002083,/,/,/,/,/,no notes
1083,Code Flag Tables for BUFRCREX Table B,67,002084,/,/,/,/,/,no notes
1084,Code Flag Tables for BUFRCREX Table B,68,002092,/,/,/,/,/,no notes
1085,Code Flag Tables for BUFRCREX Table B,69,002095,/,/,/,/,/,no notes
1086,Code Flag Tables for BUFRCREX Table B,70,002096,/,/,/,/,/,no notes
1087,Code Flag Tables for BUFRCREX Table B,71,002097,/,/,/,/,/,no notes
1088,Code Flag Tables for BUFRCREX Table B,72,002099,/,/,/,/,/,no notes
1089,Code Flag Tables for BUFRCREX Table B,73,002101,/,/,/,/,/,no notes
1090,Code Flag Tables for BUFRCREX Table B,74,002103,/,/,/,/,/,no notes
1091,Code Flag Tables for BUFRCREX Table B,75,002104,/,/,/,/,/,no notes
1092,Code Flag Tables for BUFRCREX Table B,76,002115,/,/,/,/,/,no notes
1093,Code Flag Tables for BUFRCREX Table B,77,002119,/,/,/,/,/,no notes
1094,Code Flag Tables for BUFRCREX Table B,78,002131,/,/,/,/,/,no notes
1095,Code Flag Tables for BUFRCREX Table B,79,002137,/,/,/,/,/,no notes
1096,Code Flag Tables for BUFRCREX Table B,80,002138,/,/,/,/,/,no notes
1097,Code Flag Tables for BUFRCREX Table B,81,002139,/,/,/,/,/,no notes
1098,Code Flag Tables for BUFRCREX Table B,82,002143,/,/,/,/,/,no notes
1099,Code Flag Tables for BUFRCREX Table B,83,002144,1,n/a,no id,Entries 1 and 2 should not be used.,code,
1100,Code Flag Tables for BUFRCREX Table B,84,002144,2,n/a,no id,Entries 1 and 2 should not be used.,code,
1101,Code Flag Tables for BUFRCREX Table B,85,002145,/,/,/,/,/,no notes
1102,Code Flag Tables for BUFRCREX Table B,86,002146,/,/,/,/,/,no notes
1103,Code Flag Tables for BUFRCREX Table B,87,002147,6,n/a,*,Global Area Network.,code,
1104,Code Flag Tables for BUFRCREX Table B,88,002147,6,n/a,**,Broadband Global Area Network,code,
1105,Code Flag Tables for BUFRCREX Table B,89,002148,/,/,/,/,/,no notes
1106,Code Flag Tables for BUFRCREX Table B,90,002149,/,/,/,/,/,no notes
1107,Code Flag Tables for BUFRCREX Table B,91,002150,/,/,/,/,/,no notes
1108,Code Flag Tables for BUFRCREX Table B,92,002151,/,/,/,/,/,no notes
1109,Code Flag Tables for BUFRCREX Table B,93,002152,/,/,/,/,/,no notes
1110,Code Flag Tables for BUFRCREX Table B,94,002158,n/a,n/a,no id,PTR = Pulse target response HPA = High power amplifier RFSS = Radio frequency subsystemRED = Redundancy,tbd ,formatted
1111,Code Flag Tables for BUFRCREX Table B,95,002159,/,/,/,/,/,no notes
1112,Code Flag Tables for BUFRCREX Table B,96,002160,/,/,/,/,/,no notes
1113,Code Flag Tables for BUFRCREX Table B,97,002161,/,/,/,/,/,no notes
1114,Code Flag Tables for BUFRCREX Table B,98,002162,1,n/a,*,Infrared window,code,
1115,Code Flag Tables for BUFRCREX Table B,99,002162,2,n/a,**,Water vapour,code,
1116,Code Flag Tables for BUFRCREX Table B,100,002163,/,/,/,/,/,no notes
1117,Code Flag Tables for BUFRCREX Table B,101,002164,/,/,/,/,/,no notes
1118,Code Flag Tables for BUFRCREX Table B,102,002165,/,/,/,/,/,no notes
1119,Code Flag Tables for BUFRCREX Table B,103,002166,/,/,/,/,/,no notes
1120,Code Flag Tables for BUFRCREX Table B,104,002167,/,/,/,/,/,no notes
1121,Code Flag Tables for BUFRCREX Table B,105,002169,/,/,/,/,/,no notes
1122,Code Flag Tables for BUFRCREX Table B,106,002170,/,/,/,/,/,no notes
1123,Code Flag Tables for BUFRCREX Table B,107,002172,/,/,/,/,/,no notes
1124,Code Flag Tables for BUFRCREX Table B,108,002175,/,/,/,/,/,no notes
1125,Code Flag Tables for BUFRCREX Table B,109,002176,/,/,/,/,/,no notes
1126,Code Flag Tables for BUFRCREX Table B,110,002177,/,/,/,/,/,no notes
1127,Code Flag Tables for BUFRCREX Table B,111,002178,/,/,/,/,/,no notes
1128,Code Flag Tables for BUFRCREX Table B,112,002179,/,/,/,/,/,no notes
1129,Code Flag Tables for BUFRCREX Table B,113,002180,/,/,/,/,/,no notes
1130,Code Flag Tables for BUFRCREX Table B,114,002181,/,/,/,/,/,no notes
1131,Code Flag Tables for BUFRCREX Table B,115,002182,/,/,/,/,/,no notes
1132,Code Flag Tables for BUFRCREX Table B,116,002183,/,/,/,/,/,no notes
1133,Code Flag Tables for BUFRCREX Table B,117,002184,/,/,/,/,/,no notes
1134,Code Flag Tables for BUFRCREX Table B,118,002185,/,/,/,/,/,no notes
1135,Code Flag Tables for BUFRCREX Table B,119,002186,/,/,/,/,/,no notes
1136,Code Flag Tables for BUFRCREX Table B,120,002187,/,/,/,/,/,no notes
1137,Code Flag Tables for BUFRCREX Table B,121,002188,/,/,/,/,/,no notes
1138,Code Flag Tables for BUFRCREX Table B,122,002189,/,/,/,/,/,no notes
1139,Code Flag Tables for BUFRCREX Table B,123,002191,/,/,/,/,/,no notes
1140,Code Flag Tables for BUFRCREX Table B,03,003001,/,/,/,/,/,no notes
1141,Code Flag Tables for BUFRCREX Table B,03,003003,/,/,/,/,/,no notes
1142,Code Flag Tables for BUFRCREX Table B,03,003004,/,/,/,/,/,no notes
1143,Code Flag Tables for BUFRCREX Table B,03,003008,/,/,/,/,/,no notes
1144,Code Flag Tables for BUFRCREX Table B,03,003010,1,"*, **",*,Value deprecated. Code figure 6 should be used instead.,code,
1145,Code Flag Tables for BUFRCREX Table B,03,003010,1,"*, **",** ,Acoustic Doppler Current Profiler,code,
1146,Code Flag Tables for BUFRCREX Table B,03,003011,/,/,/,/,/,no notes
1147,Code Flag Tables for BUFRCREX Table B,03,003012,/,/,/,/,/,no notes
1148,Code Flag Tables for BUFRCREX Table B,03,003016,/,/,/,/,/,no notes
1149,Code Flag Tables for BUFRCREX Table B,03,003017,/,/,/,/,/,no notes
1150,Code Flag Tables for BUFRCREX Table B,03,003018,/,/,/,/,/,no notes
1151,Code Flag Tables for BUFRCREX Table B,03,003019,/,/,/,/,/,no notes
1152,Code Flag Tables for BUFRCREX Table B,03,003020,2,*,*,GRP = Glass-reinforced plastic,code,
1153,Code Flag Tables for BUFRCREX Table B,03,003021,/,/,/,/,/,no notes
1154,Code Flag Tables for BUFRCREX Table B,03,003022,/,/,/,/,/,no notes
1155,Code Flag Tables for BUFRCREX Table B,03,003023,/,/,/,/,/,no notes
1156,Code Flag Tables for BUFRCREX Table B,03,003027,/,/,/,/,/,no notes
1157,Code Flag Tables for BUFRCREX Table B,03,003028,/,/,/,/,/,no notes
1158,Code Flag Tables for BUFRCREX Table B,04,004059,/,/,/,/,/,no notes
1159,Code Flag Tables for BUFRCREX Table B,04,004080,/,/,/,/,/,no notes
1160,Code Flag Tables for BUFRCREX Table B,05,005069,/,/,/,/,/,no notes
1161,Code Flag Tables for BUFRCREX Table B,08,008001,/,/,/,/,/,no notes
1162,Code Flag Tables for BUFRCREX Table B,08,008002,/,/,/,/,/,no notes
1163,Code Flag Tables for BUFRCREX Table B,08,008003,/,/,/,/,/,no notes
1164,Code Flag Tables for BUFRCREX Table B,08,008004,/,/,/,/,/,no notes
1165,Code Flag Tables for BUFRCREX Table B,08,008005,/,/,/,/,/,no notes
1166,Code Flag Tables for BUFRCREX Table B,08,008006,/,/,/,/,/,no notes
1167,Code Flag Tables for BUFRCREX Table B,08,008007,n/a,n/a,no id,"A consecutive sequence of 2 or more of location coordinates, such as latitude and longitude pairs,defines a line or polygon. Points shall be joined in the order given in the message. Any area described will fall left of the drawn boundary in the direction established by the order of the points given in the message. This definition is for simple non-intersecting polygons without holes.",tbd ,
1168,Code Flag Tables for BUFRCREX Table B,08,008008,/,/,/,/,/,no notes
1169,Code Flag Tables for BUFRCREX Table B,08,008009,/,/,/,/,/,no notes
1170,Code Flag Tables for BUFRCREX Table B,08,008010,/,/,/,/,/,no notes
1171,Code Flag Tables for BUFRCREX Table B,08,008011,/,/,/,/,/,no notes
1172,Code Flag Tables for BUFRCREX Table B,08,008012,/,/,/,/,/,no notes
1173,Code Flag Tables for BUFRCREX Table B,08,008013,/,/,/,/,/,no notes
1174,Code Flag Tables for BUFRCREX Table B,08,008014,/,/,/,/,/,no notes
1175,Code Flag Tables for BUFRCREX Table B,08,008015,/,/,/,/,/,no notes
1176,Code Flag Tables for BUFRCREX Table B,08,008016,/,/,/,/,/,no notes
1177,Code Flag Tables for BUFRCREX Table B,08,008017,/,/,/,/,/,no notes
1178,Code Flag Tables for BUFRCREX Table B,08,008018,/,/,/,/,/,no notes
1179,Code Flag Tables for BUFRCREX Table B,08,008019,/,/,/,/,/,no notes
1180,Code Flag Tables for BUFRCREX Table B,08,008021,2,n/a,1,"""Time averaged"" indicates that values are continuously averaged over a period of time.",code,
1181,Code Flag Tables for BUFRCREX Table B,08,008021,8,n/a,2,"""Ensemble mean"" indicates that a number of distinct values corresponding to a set of time locations are averaged.",code,
1182,Code Flag Tables for BUFRCREX Table B,08,008021,n/a,n/a,3,Time significance must be qualified by appropriate time periods being specified.,tbd ,
1183,Code Flag Tables for BUFRCREX Table B,08,008023,n/a,n/a,*,All first-order statistics are in the units defined by the original data descriptors.,title,
1184,Code Flag Tables for BUFRCREX Table B,08,008024,n/a,n/a,*,"Difference statistics are difference values; they have dimensions the same as the corresponding reported values with respect to units, but assume a range centred on zero (e.g., the difference between reported and analysed values, the difference between reported and forecast values).",title,
1185,Code Flag Tables for BUFRCREX Table B,08,008024,14,**,**,"Where observed minus forecast values are represented, the period of the forecast shall be indicated by an appropriate descriptor from Class 04.",code,
1186,Code Flag Tables for BUFRCREX Table B,08,008025,/,/,/,/,/,no notes
1187,Code Flag Tables for BUFRCREX Table B,08,008026,/,/,/,/,/,no notes
1188,Code Flag Tables for BUFRCREX Table B,08,008029,/,/,/,/,/,no notes
1189,Code Flag Tables for BUFRCREX Table B,08,008032,/,/,/,/,/,no notes
1190,Code Flag Tables for BUFRCREX Table B,08,008033,/,/,/,/,/,no notes
1191,Code Flag Tables for BUFRCREX Table B,08,008034,/,/,/,/,/,no notes
1192,Code Flag Tables for BUFRCREX Table B,08,008035,/,/,/,/,/,no notes
1193,Code Flag Tables for BUFRCREX Table B,08,008036,/,/,/,/,/,no notes
1194,Code Flag Tables for BUFRCREX Table B,08,008037,/,/,/,/,/,no notes
1195,Code Flag Tables for BUFRCREX Table B,08,008038,/,/,/,/,/,no notes
1196,Code Flag Tables for BUFRCREX Table B,08,008039,/,/,/,/,/,no notes
1197,Code Flag Tables for BUFRCREX Table B,08,008040,/,/,/,/,/,no notes
1198,Code Flag Tables for BUFRCREX Table B,08,008041,/,/,/,/,/,no notes
1199,Code Flag Tables for BUFRCREX Table B,08,008042,n/a,n/a,1,"(1) Freezing level is the level at which temperature first decreases to 0 °C. The criteria for the selection of freezing level in upper-air observations are:(a) If the surface temperature is not lower than 0 °C when the radiosonde is released, then the lowest level at which the temperature first decreases to 0 °C will be selected as the freezing level.(b) If the surface temperature is equal to 0 °C, then the surface level will be the freezing level.(c) If during observation there is no level at which the temperature equals 0 °C, then the closest twolevels between which the temperature crosses from a positive to a negative value should be usedto interpolate the freezing-level temperature equal to 0 °C.(d) The following elements will be calculated for the freezing level: time, elevation, pressure, humidity,dewpoint temperature, dewpoint depression, and deviation of longitude and latitude.",tbd ,
1200,Code Flag Tables for BUFRCREX Table B,08,008043,n/a,n/a,no id,The last column in the table contains the associated registry number from the Chemical Abstracts Service (CAS) of the American Chemical Society.,table,
1201,Code Flag Tables for BUFRCREX Table B,08,008050,/,/,/,/,/,no notes
1202,Code Flag Tables for BUFRCREX Table B,08,008051,/,/,/,/,/,no notes
1203,Code Flag Tables for BUFRCREX Table B,08,008052,/,/,/,/,/,no notes
1204,Code Flag Tables for BUFRCREX Table B,08,008053,/,/,/,/,/,no notes
1205,Code Flag Tables for BUFRCREX Table B,08,008054,/,/,/,/,/,no notes
1206,Code Flag Tables for BUFRCREX Table B,08,008060,/,/,/,/,/,no notes
1207,Code Flag Tables for BUFRCREX Table B,08,008065,/,/,/,/,/,no notes
1208,Code Flag Tables for BUFRCREX Table B,08,008066,/,/,/,/,/,no notes
1209,Code Flag Tables for BUFRCREX Table B,08,008070,/,/,/,/,/,no notes
1210,Code Flag Tables for BUFRCREX Table B,08,008072,/,/,/,/,/,no notes
1211,Code Flag Tables for BUFRCREX Table B,08,008074,/,/,/,/,/,no notes
1212,Code Flag Tables for BUFRCREX Table B,08,008075,/,/,/,/,/,no notes
1213,Code Flag Tables for BUFRCREX Table B,08,008076,/,/,/,/,/,no notes
1214,Code Flag Tables for BUFRCREX Table B,08,008077,/,/,/,/,/,no notes
1215,Code Flag Tables for BUFRCREX Table B,08,008079,/,/,/,/,/,no notes
1216,Code Flag Tables for BUFRCREX Table B,08,008080,n/a,n/a,* ,GTSPP = Global Temperature Salinity Profile Programme,title,
1217,Code Flag Tables for BUFRCREX Table B,08,008081,/,/,/,/,/,no notes
1218,Code Flag Tables for BUFRCREX Table B,08,008082,1,*,*,"If 0 08 082 = 1, the standard level is indicated by the Class 07 descriptor, which immediately follows. It is possible to indicate the real height of the sensor by preceding the descriptor by the relevant Class 07 descriptor.",code,
1219,Code Flag Tables for BUFRCREX Table B,08,008083,/,/,/,/,/,no notes
1220,Code Flag Tables for BUFRCREX Table B,08,008085,/,/,/,/,/,no notes
1221,Code Flag Tables for BUFRCREX Table B,08,008086,/,/,/,/,/,no notes
1222,Code Flag Tables for BUFRCREX Table B,08,008087,/,/,/,/,/,no notes
1223,Code Flag Tables for BUFRCREX Table B,08,008088,/,/,/,/,/,no notes
1224,Code Flag Tables for BUFRCREX Table B,08,008091,/,/,/,/,/,no notes
1225,Code Flag Tables for BUFRCREX Table B,08,008092,/,/,/,/,/,no notes
1226,Code Flag Tables for BUFRCREX Table B,08,008093,/,/,/,/,/,no notes
1227,Code Flag Tables for BUFRCREX Table B,10,010063,n/a,n/a,1,"In reports from automatic stations, code figure 2 shall be used when tendency is positive, 7 whennegative, and 4 when pressure is the same as three hours before.",tbd,
1228,Code Flag Tables for BUFRCREX Table B,10,010063,n/a,n/a,2,"In reports from tropical stations reporting 24-hour pressure changes, code figure 2 shall be used when tendency is positive, 7 when negative, and 4 when pressure is the same as 24 hours before.",tbd,
1229,Code Flag Tables for BUFRCREX Table B,10,010064,/,/,/,/,/,no notes
1230,Code Flag Tables for BUFRCREX Table B,11,011030,/,/,/,/,/,no notes
1231,Code Flag Tables for BUFRCREX Table B,11,011031,/,/,/,/,/,no notes
1232,Code Flag Tables for BUFRCREX Table B,11,011037,/,/,/,/,/,no notes
1233,Code Flag Tables for BUFRCREX Table B,11,011038,/,/,/,/,/,no notes
1234,Code Flag Tables for BUFRCREX Table B,11,011039,/,/,/,/,/,no notes
1235,Code Flag Tables for BUFRCREX Table B,13,013038,/,/,/,/,/,no notes
1236,Code Flag Tables for BUFRCREX Table B,14,013039,/,/,/,/,/,no notes
1237,Code Flag Tables for BUFRCREX Table B,15,013040,7,*,* ,"Inland water includes rivers, lakes, wetlands and swamps.",code,
1238,Code Flag Tables for BUFRCREX Table B,16,013041,/,/,/,/,/,no notes
1239,Code Flag Tables for BUFRCREX Table B,17,013051,/,/,/,/,/,no notes
1240,Code Flag Tables for BUFRCREX Table B,18,013056,/,/,/,/,/,no notes
1241,Code Flag Tables for BUFRCREX Table B,19,013057,/,/,/,/,/,no notes
1242,Code Flag Tables for BUFRCREX Table B,15,015025,/,/,/,/,/,no notes
1243,Code Flag Tables for BUFRCREX Table B,19,019001,n/a,n/a,no id,New local names for storm of various strengths shall be added as necessary.,tbd,
1244,Code Flag Tables for BUFRCREX Table B,19,019008,/,/,/,/,/,no notes
1245,Code Flag Tables for BUFRCREX Table B,19,019010,/,/,/,/,/,no notes
1246,Code Flag Tables for BUFRCREX Table B,19,019100,/,/,/,/,/,no notes
1247,Code Flag Tables for BUFRCREX Table B,19,019101,/,/,/,/,/,no notes
1248,Code Flag Tables for BUFRCREX Table B,19,019102,/,/,/,/,/,no notes
1249,Code Flag Tables for BUFRCREX Table B,19,019103,/,/,/,/,/,no notes
1250,Code Flag Tables for BUFRCREX Table B,19,019104,/,/,/,/,/,no notes
1251,Code Flag Tables for BUFRCREX Table B,19,019105,/,/,/,/,/,no notes
1252,Code Flag Tables for BUFRCREX Table B,19,019107,/,/,/,/,/,no notes
1253,Code Flag Tables for BUFRCREX Table B,19,019108,/,/,/,/,/,no notes
1254,Code Flag Tables for BUFRCREX Table B,19,019109,/,/,/,/,/,no notes
1255,Code Flag Tables for BUFRCREX Table B,19,019110,/,/,/,/,/,no notes
1256,Code Flag Tables for BUFRCREX Table B,19,019113,/,/,/,/,/,no notes
1257,Code Flag Tables for BUFRCREX Table B,19,019117,/,/,/,/,/,no notes
1258,Code Flag Tables for BUFRCREX Table B,19,019119,/,/,/,/,/,no notes
1259,Code Flag Tables for BUFRCREX Table B,20,020003,00-19,n/a,* ,"The expression ""at the station"" refers to a land station or a ship.",code,"""at the station*"""
1260,Code Flag Tables for BUFRCREX Table B,20,020003,19,,**,Tornado cloud or waterspout.,code,"""hail*"""
1261,Code Flag Tables for BUFRCREX Table B,20,020003,27,n/a,*,"Hail, small hail, snow pellets.",code,"""hail*"""
1262,Code Flag Tables for BUFRCREX Table B,20,020003,93,n/a,*,"Hail, small hail, snow pellets.",code,"""hail*"""
1263,Code Flag Tables for BUFRCREX Table B,20,020003,94,n/a,*,"Hail, small hail, snow pellets.",code,"""hail*"""
1264,Code Flag Tables for BUFRCREX Table B,20,020003,97,n/a,*,"Hail, small hail, snow pellets.",code,"""hail*"""
1265,Code Flag Tables for BUFRCREX Table B,20,020003,n/a,n/a,1,The middle portion of this code table (code figures 100-199) includes terms on several levels to coversimple and increasingly complex automatic stations.,tbd,
1266,Code Flag Tables for BUFRCREX Table B,20,020003,n/a,n/a,2,"Generic terms for weather (e.g. fog, drizzle) are intended for use at automatic stations capable of determining types of weather but no other information. Generic terms are included in the code table using all capital letters.",tbd,
1267,Code Flag Tables for BUFRCREX Table B,20,020003,n/a,n/a,3,"Code figures for generic precipitation (code figures 140-148) are arranged in order of increasing complexity. For example, a very simple station that can sense only the presence or absence of precipitation would use code figure 140 (precipitation). At the next level, an automatic station capable of sensing amount but not type would use code figure 141 or 142. An automatic station capable of sensing gross type (liquid, solid, freezing) and amount would use code figures 143-148. An automatic station capable of reporting actual types of precipitation (e.g. drizzle rain), but not the amount, would use the appropriate whole decile number (e.g. 150 for generic drizzle, 160 for generic rain).",tbd,
1268,Code Flag Tables for BUFRCREX Table B,20,020004,n/a,n/a,no id,"The weather descriptions in code figures 10 to 19 are progressively complex, to accommodate the different levels of weather discrimination capability of various automatic stations. Stations having only basic sensing capability may use the lower code figures and basic generic descriptions (shown incapital letters). Stations with progressively higher discrimination capability shall use the moredetailed descriptions (higher codes).",tbd,
1269,Code Flag Tables for BUFRCREX Table B,20,020005,/,/,/,/,/,no notes
1270,Code Flag Tables for BUFRCREX Table B,20,020006,/,/,/,/,/,no notes
1271,Code Flag Tables for BUFRCREX Table B,20,020008,/,/,/,/,/,no notes
1272,Code Flag Tables for BUFRCREX Table B,20,020009,/,/,/,/,/,no notes
1273,Code Flag Tables for BUFRCREX Table B,20,020011,15,n/a,1,"For use of code figure 15, see Regulation 12.1.4.",code,
1274,Code Flag Tables for BUFRCREX Table B,20,020011,n/a,n/a,2,"""Clear"" and ""overcast"" are coded by 0 and 8, respectively.",tbd,
1275,Code Flag Tables for BUFRCREX Table B,20,020012,31,n/a,*,"""Bad weather"" denotes the conditions which generally exist during precipitation and a short time before and after.",code,"""bad weather,*"""
1276,Code Flag Tables for BUFRCREX Table B,20,020012,36,n/a,*,"""Bad weather"" denotes the conditions which generally exist during precipitation and a short time before and after.",code,"""bad weather,*"""
1277,Code Flag Tables for BUFRCREX Table B,20,020012,37,n/a,*,"""Bad weather"" denotes the conditions which generally exist during precipitation and a short time before and after.",code,"""bad weather,*"""
1278,Code Flag Tables for BUFRCREX Table B,20,020017,/,/,/,/,/,no notes
1279,Code Flag Tables for BUFRCREX Table B,20,020018,/,/,/,/,/,no notes
1280,Code Flag Tables for BUFRCREX Table B,20,020021,n/a,n/a,no id,Mixed precipitation is indicated by setting to one the bits of all the observed single types of precipitation.,tbd,
1281,Code Flag Tables for BUFRCREX Table B,20,020022,/,/,/,/,/,no notes
1282,Code Flag Tables for BUFRCREX Table B,20,020023,/,/,/,/,/,no notes
1283,Code Flag Tables for BUFRCREX Table B,20,020024,/,/,/,/,/,no notes
1284,Code Flag Tables for BUFRCREX Table B,20,020025,/,/,/,/,/,no notes
1285,Code Flag Tables for BUFRCREX Table B,20,020026,/,/,/,/,/,no notes
1286,Code Flag Tables for BUFRCREX Table B,20,020027,n/a,n/a,*,"Phenomenon in this flag table means any phenomenon, including precipitation and obscuration.",title,
1287,Code Flag Tables for BUFRCREX Table B,20,020027,7,(see Note 1),1,"In conjunction with the observation of waterspouts or funnel clouds, i.e., within 3 km of the station.",code,
1288,Code Flag Tables for BUFRCREX Table B,20,020027,8,(see Note 2),2,"In conjunction with the observation of waterspouts or funnel clouds, i.e., more than 3 km from the station.",code,
1289,Code Flag Tables for BUFRCREX Table B,20,020028,/,/,/,/,/,no notes
1290,Code Flag Tables for BUFRCREX Table B,20,020029,/,/,/,/,/,no notes
1291,Code Flag Tables for BUFRCREX Table B,20,020032,/,/,/,/,/,no notes
1292,Code Flag Tables for BUFRCREX Table B,20,020033,/,/,/,/,/,no notes
1293,Code Flag Tables for BUFRCREX Table B,20,020034,/,/,/,/,/,no notes
1294,Code Flag Tables for BUFRCREX Table B,20,020035,/,/,/,/,/,no notes
1295,Code Flag Tables for BUFRCREX Table B,20,020036,/,/,/,/,/,no notes
1296,Code Flag Tables for BUFRCREX Table B,20,020037,/,/,/,/,/,no notes
1297,Code Flag Tables for BUFRCREX Table B,20,020040,/,/,/,/,/,no notes
1298,Code Flag Tables for BUFRCREX Table B,20,020041,/,/,/,/,/,no notes
1299,Code Flag Tables for BUFRCREX Table B,20,020042,/,/,/,/,/,no notes
1300,Code Flag Tables for BUFRCREX Table B,20,020045,/,/,/,/,/,no notes
1301,Code Flag Tables for BUFRCREX Table B,20,020048,/,/,/,/,/,no notes
1302,Code Flag Tables for BUFRCREX Table B,20,020050,/,/,/,/,/,no notes
1303,Code Flag Tables for BUFRCREX Table B,20,020055,5,(see Note),no id,"In the event of obscuration of clouds due to heavy rain, the observer should use code 5 or 8. Code 5 should be used if the rain is localized or is brief in duration; Code 8 should be used if the rain is widespread or lasts for longer periods of time.",code,
1304,Code Flag Tables for BUFRCREX Table B,20,020055,8,(see Note),no id,"In the event of obscuration of clouds due to heavy rain, the observer should use code 5 or 8. Code 5 should be used if the rain is localized or is brief in duration; Code 8 should be used if the rain is widespread or lasts for longer periods of time.",code,
1305,Code Flag Tables for BUFRCREX Table B,20,020056,/,/,/,/,/,no notes
1306,Code Flag Tables for BUFRCREX Table B,20,020062,n/a,n/a,1,"The definitions in code numbers 0 to 2 and 4 apply to representative bare ground and numbers 3, 5 to 9 and 10 to 19 to an open representative area.",tbd,
1307,Code Flag Tables for BUFRCREX Table B,20,020062,n/a,n/a,2,In all instances the highest code figures applicable are to be reported.,tbd,
1308,Code Flag Tables for BUFRCREX Table B,20,020062,n/a,n/a,3,"In the above code table, whenever reference is made to ice, it also includes solid precipitation other than snow.",tbd,
1309,Code Flag Tables for BUFRCREX Table B,20,020063,/,/,/,/,/,no notes
1310,Code Flag Tables for BUFRCREX Table B,20,020071,/,/,/,/,/,no notes
1311,Code Flag Tables for BUFRCREX Table B,20,020085,/,/,/,/,/,no notes
1312,Code Flag Tables for BUFRCREX Table B,20,020086,/,/,/,/,/,no notes
1313,Code Flag Tables for BUFRCREX Table B,20,020087,/,/,/,/,/,no notes
1314,Code Flag Tables for BUFRCREX Table B,20,020089,/,/,/,/,/,no notes
1315,Code Flag Tables for BUFRCREX Table B,20,020090,/,/,/,/,/,no notes
1316,Code Flag Tables for BUFRCREX Table B,20,020101,/,/,/,/,/,no notes
1317,Code Flag Tables for BUFRCREX Table B,20,020102,/,/,/,/,/,no notes
1318,Code Flag Tables for BUFRCREX Table B,20,020103,/,/,/,/,/,no notes
1319,Code Flag Tables for BUFRCREX Table B,20,020104,/,/,/,/,/,no notes
1320,Code Flag Tables for BUFRCREX Table B,20,020105,/,/,/,/,/,no notes
1321,Code Flag Tables for BUFRCREX Table B,20,020106,/,/,/,/,/,no notes
1322,Code Flag Tables for BUFRCREX Table B,20,020107,/,/,/,/,/,no notes
1323,Code Flag Tables for BUFRCREX Table B,20,020108,/,/,/,/,/,no notes
1324,Code Flag Tables for BUFRCREX Table B,20,020119,/,/,/,/,/,no notes
1325,Code Flag Tables for BUFRCREX Table B,20,020124,/,/,/,/,/,no notes
1326,Code Flag Tables for BUFRCREX Table B,20,020136,/,/,/,/,/,no notes
1327,Code Flag Tables for BUFRCREX Table B,20,020137,/,/,/,/,/,no notes
1328,Code Flag Tables for BUFRCREX Table B,20,020138,/,/,/,/,/,no notes
1329,Code Flag Tables for BUFRCREX Table B,21,021066,n/a,n/a,1,MMCC is Mission Management Control Centre.,tbd,
1330,Code Flag Tables for BUFRCREX Table B,21,021066,n/a,n/a,2,PRF is pulse repetition frequency.,tbd,
1331,Code Flag Tables for BUFRCREX Table B,21,021067,/,/,/,/,/,no notes
1332,Code Flag Tables for BUFRCREX Table B,21,021068,n/a,n/a,no id,MMCC is Mission Management Control Centre.,tbd,
1333,Code Flag Tables for BUFRCREX Table B,21,021069,/,/,/,/,/,no notes
1334,Code Flag Tables for BUFRCREX Table B,21,021070,/,/,/,/,/,no notes
1335,Code Flag Tables for BUFRCREX Table B,21,021072,/,/,/,/,/,no notes
1336,Code Flag Tables for BUFRCREX Table B,21,021073,/,/,/,/,/,no notes
1337,Code Flag Tables for BUFRCREX Table B,21,021076,/,/,/,/,/,no notes
1338,Code Flag Tables for BUFRCREX Table B,21,021109,/,/,/,/,/,no notes
1339,Code Flag Tables for BUFRCREX Table B,21,021115,/,/,/,/,/,no notes
1340,Code Flag Tables for BUFRCREX Table B,21,021116,/,/,/,/,/,no notes
1341,Code Flag Tables for BUFRCREX Table B,21,021119,/,/,/,/,/,no notes
1342,Code Flag Tables for BUFRCREX Table B,21,021144,/,/,/,/,/,no notes
1343,Code Flag Tables for BUFRCREX Table B,21,021148,/,/,/,/,/,no notes
1344,Code Flag Tables for BUFRCREX Table B,21,021150,/,/,/,/,/,no notes
1345,Code Flag Tables for BUFRCREX Table B,21,021155,/,/,/,/,/,no notes
1346,Code Flag Tables for BUFRCREX Table B,21,021158,/,/,/,/,/,no notes
1347,Code Flag Tables for BUFRCREX Table B,21,021159,/,/,/,/,/,no notes
1348,Code Flag Tables for BUFRCREX Table B,21,021169,/,/,/,/,/,no notes
1349,Code Flag Tables for BUFRCREX Table B,22,022056,/,/,/,/,/,no notes
1350,Code Flag Tables for BUFRCREX Table B,22,022060,/,/,/,/,/,no notes
1351,Code Flag Tables for BUFRCREX Table B,22,022061,n/a,n/a,1,"These values refer to well-developed wind waves of the open sea. While priority shall be given to the descriptive terms, these height values may be used for guidance by the observer when reporting the total state of agitation of the sea resulting from various factors such as wind, swell, currents, anglebetween swell and wind, etc.",tbd,
1352,Code Flag Tables for BUFRCREX Table B,22,022061,n/a,n/a,2,"The exact bounding height shall be assigned for the lower code figure; e.g., a height of 4 m is coded as5.",tbd,
1353,Code Flag Tables for BUFRCREX Table B,22,022067,n/a,n/a,no id,(See common Code table C-3),table,
1354,Code Flag Tables for BUFRCREX Table B,22,022068,n/a,n/a,no id,(See common Code table C-4),table,
1355,Code Flag Tables for BUFRCREX Table B,22,022120,/,/,/,/,/,no notes
1356,Code Flag Tables for BUFRCREX Table B,22,022121,/,/,/,/,/,no notes
1357,Code Flag Tables for BUFRCREX Table B,22,022122,/,/,/,/,/,no notes
1358,Code Flag Tables for BUFRCREX Table B,22,022123,/,/,/,/,/,no notes
1359,Code Flag Tables for BUFRCREX Table B,22,022178,/,/,/,/,/,no notes
1360,Code Flag Tables for BUFRCREX Table B,23,023001,/,/,/,/,/,no notes
1361,Code Flag Tables for BUFRCREX Table B,23,023002,/,/,/,/,/,no notes
1362,Code Flag Tables for BUFRCREX Table B,23,023003,/,/,/,/,/,no notes
1363,Code Flag Tables for BUFRCREX Table B,23,023004,/,/,/,/,/,no notes
1364,Code Flag Tables for BUFRCREX Table B,23,023005,/,/,/,/,/,no notes
1365,Code Flag Tables for BUFRCREX Table B,23,023006,/,/,/,/,/,no notes
1366,Code Flag Tables for BUFRCREX Table B,23,023007,/,/,/,/,/,no notes
1367,Code Flag Tables for BUFRCREX Table B,23,023008,/,/,/,/,/,no notes
1368,Code Flag Tables for BUFRCREX Table B,23,023009,/,/,/,/,/,no notes
1369,Code Flag Tables for BUFRCREX Table B,23,023016,/,/,/,/,/,no notes
1370,Code Flag Tables for BUFRCREX Table B,23,023018,/,/,/,/,/,no notes
1371,Code Flag Tables for BUFRCREX Table B,23,023031,/,/,/,/,/,no notes
1372,Code Flag Tables for BUFRCREX Table B,23,023032,/,/,/,/,/,no notes
1373,Code Flag Tables for BUFRCREX Table B,24,024003,/,/,/,/,/,no notes
1374,Code Flag Tables for BUFRCREX Table B,25,025004,/,/,/,/,/,no notes
1375,Code Flag Tables for BUFRCREX Table B,25,025005,/,/,/,/,/,no notes
1376,Code Flag Tables for BUFRCREX Table B,25,025006,/,/,/,/,/,no notes
1377,Code Flag Tables for BUFRCREX Table B,25,025009,n/a,n/a,no id,Descriptor 0 25 009 is deprecated. 0 25 029 should be used instead.,table,
1378,Code Flag Tables for BUFRCREX Table B,25,025010,/,/,/,/,/,no notes
1379,Code Flag Tables for BUFRCREX Table B,25,025011,/,/,/,/,/,no notes
1380,Code Flag Tables for BUFRCREX Table B,25,025012,/,/,/,/,/,no notes
1381,Code Flag Tables for BUFRCREX Table B,25,025013,/,/,/,/,/,no notes
1382,Code Flag Tables for BUFRCREX Table B,25,025015,/,/,/,/,/,no notes
1383,Code Flag Tables for BUFRCREX Table B,25,025017,/,/,/,/,/,no notes
1384,Code Flag Tables for BUFRCREX Table B,25,025020,/,/,/,/,/,no notes
1385,Code Flag Tables for BUFRCREX Table B,25,025021,/,/,/,/,/,no notes
1386,Code Flag Tables for BUFRCREX Table B,25,025022,n/a,n/a,*,GHRSST = GODAE high-resolution sea-surface temperature,title,
1387,Code Flag Tables for BUFRCREX Table B,25,025023,/,/,/,/,/,no notes
1388,Code Flag Tables for BUFRCREX Table B,25,025024,/,/,/,/,/,no notes
1389,Code Flag Tables for BUFRCREX Table B,25,025029,/,/,/,/,/,no notes
1390,Code Flag Tables for BUFRCREX Table B,25,025030,/,/,/,/,/,no notes
1391,Code Flag Tables for BUFRCREX Table B,25,025031,n/a,n/a,no id,None of the code figures exclude the addition of interpolated levels at the discretion of the generating centre.,tbd,
1392,Code Flag Tables for BUFRCREX Table B,25,025032,/,/,/,/,/,no notes
1393,Code Flag Tables for BUFRCREX Table B,25,025033,/,/,/,/,/,no notes
1394,Code Flag Tables for BUFRCREX Table B,25,025034,/,/,/,/,/,no notes
1395,Code Flag Tables for BUFRCREX Table B,25,025035,/,/,/,/,/,no notes
1396,Code Flag Tables for BUFRCREX Table B,25,025036,/,/,/,/,/,no notes
1397,Code Flag Tables for BUFRCREX Table B,25,025040,/,/,/,/,/,no notes
1398,Code Flag Tables for BUFRCREX Table B,25,025041,n/a,n/a,no id,"Where the original reporting method is as indicated by code figure 1, the following conversion is recommended to obtain a suitable data value corresponding to descriptor 0 01 012:Reported value Data value0 01 452 903 1354 1805 2256 2707 3158 3609 511",tbd,note is formatted
1399,Code Flag Tables for BUFRCREX Table B,25,025042,n/a,n/a,no id,"Where the original reporting method is as indicated by code figure 1, the following conversion is recommended to obtain a suitable data value corresponding to descriptor 0 01 013:Reported value Data value 0 01 12 43 74 95 126 147 178 199 21/ 1023",tbd,
1400,Code Flag Tables for BUFRCREX Table B,25,025045,/,/,/,/,/,no notes
1401,Code Flag Tables for BUFRCREX Table B,25,025046,/,/,/,/,/,no notes
1402,Code Flag Tables for BUFRCREX Table B,25,025047,/,/,/,/,/,no notes
1403,Code Flag Tables for BUFRCREX Table B,25,025048,/,/,/,/,/,no notes
1404,Code Flag Tables for BUFRCREX Table B,25,025049,/,/,/,/,/,no notes
1405,Code Flag Tables for BUFRCREX Table B,25,025051,/,/,/,/,/,no notes
1406,Code Flag Tables for BUFRCREX Table B,25,025053,/,/,/,/,/,no notes
1407,Code Flag Tables for BUFRCREX Table B,25,025063,/,/,/,/,/,no notes
1408,Code Flag Tables for BUFRCREX Table B,25,025069,/,/,/,/,/,no notes
1409,Code Flag Tables for BUFRCREX Table B,25,025086,/,/,/,/,/,no notes
1410,Code Flag Tables for BUFRCREX Table B,25,025090,9,n/a,*,"DORIS stands for ""Doppler orbitography and radio-positioning integrated by Satellite"".",code,"""DORIS* DIODE**"""
1411,Code Flag Tables for BUFRCREX Table B,25,025090,9,n/a,**,"DIODE means détermination immédiate d’orbite par DORIS embarqué or immediate onboard orbit determination by DORIS. It is part of the DORIS instrument, which calculates the satellite’s position and velocity.",code,"""DORIS* DIODE**"""
1412,Code Flag Tables for BUFRCREX Table B,25,025093,/,/,/,/,/,no notes
1413,Code Flag Tables for BUFRCREX Table B,25,025095,/,/,/,/,/,no notes
1414,Code Flag Tables for BUFRCREX Table B,25,025096,/,/,/,/,/,no notes
1415,Code Flag Tables for BUFRCREX Table B,25,025097,/,/,/,/,/,no notes
1416,Code Flag Tables for BUFRCREX Table B,25,025098,3,n/a,*,SWH = Significant wave height,code,
1417,Code Flag Tables for BUFRCREX Table B,25,025098,4,n/a,*,SWH = Significant wave height,code,
1418,Code Flag Tables for BUFRCREX Table B,25,025099,3,n/a,*,SWH = Significant wave height,code,
1419,Code Flag Tables for BUFRCREX Table B,25,025099,4,n/a,*,SWH = Significant wave height,code,
1420,Code Flag Tables for BUFRCREX Table B,25,025110,/,/,/,/,/,no notes
1421,Code Flag Tables for BUFRCREX Table B,25,025112,/,/,/,/,/,no notes
1422,Code Flag Tables for BUFRCREX Table B,25,025113,/,/,/,/,/,no notes
1423,Code Flag Tables for BUFRCREX Table B,25,025120,1,n/a,*,DSR = Data set record,code,"""DSRs*"""
1424,Code Flag Tables for BUFRCREX Table B,25,025122,n/a,n/a,*,RF = Radio frequency,title,
1425,Code Flag Tables for BUFRCREX Table B,25,025123,n/a,n/a,*,HPA = High power amplifier,title,
1426,Code Flag Tables for BUFRCREX Table B,25,025124,n/a,n/a,*,MWR = Microwave radiometer,title,MWR*-L2-processing flag
1427,Code Flag Tables for BUFRCREX Table B,25,025124,n/a,n/a,**,DSR = Data set record,code,DSRs**
1428,Code Flag Tables for BUFRCREX Table B,25,025150,/,/,/,/,/,no notes
1429,Code Flag Tables for BUFRCREX Table B,25,025174,/,/,/,/,/,no notes
1430,Code Flag Tables for BUFRCREX Table B,25,025181,/,/,/,/,/,no notes
1431,Code Flag Tables for BUFRCREX Table B,25,025182,/,/,/,/,/,no notes
1432,Code Flag Tables for BUFRCREX Table B,25,025184,/,/,/,/,/,no notes
1433,Code Flag Tables for BUFRCREX Table B,25,025185,/,/,/,/,/,no notes
1434,Code Flag Tables for BUFRCREX Table B,25,025187,/,/,/,/,/,no notes
1435,Code Flag Tables for BUFRCREX Table B,25,025188,0,*,*,Guide to Meteorological Instruments and Methods of Observation,code,"""WMO-No. 8*"""
1436,Code Flag Tables for BUFRCREX Table B,25,025190,/,/,/,/,/,no notes
1437,Code Flag Tables for BUFRCREX Table B,25,025191,/,/,/,/,/,no notes
1438,Code Flag Tables for BUFRCREX Table B,26,026010,/,/,/,/,/,no notes
1439,Code Flag Tables for BUFRCREX Table B,29,029001,4,n/a,*,Projection type 4 indicates a Cartesian grid placed directly on the scanning cone defined by the azimuthal sweep of the radar.,code,
1440,Code Flag Tables for BUFRCREX Table B,29,029002,/,/,/,/,/,no notes
1441,Code Flag Tables for BUFRCREX Table B,30,030031,/,/,/,/,/,no notes
1442,Code Flag Tables for BUFRCREX Table B,30,030032,/,/,/,/,/,no notes
1443,Code Flag Tables for BUFRCREX Table B,31,031021,n/a,n/a,1,Associated field significance shall be used initially in conjunction with the quality of observed data.,tbd,
1444,Code Flag Tables for BUFRCREX Table B,31,031021,21,(see Note 2),2,The code figure 21 may be used within corrected messages with the substituted/corrected values identified.,code,
1445,Code Flag Tables for BUFRCREX Table B,31,031021,n/a,n/a,3,Further applications may be developed.,tbd,
1446,Code Flag Tables for BUFRCREX Table B,31,031031,/,/,/,/,/,no notes
1447,Code Flag Tables for BUFRCREX Table B,33,033002,/,/,/,/,/,no notes
1448,Code Flag Tables for BUFRCREX Table B,33,033003,/,/,/,/,/,no notes
1449,Code Flag Tables for BUFRCREX Table B,33,033005,/,/,/,/,/,no notes
1450,Code Flag Tables for BUFRCREX Table B,33,033006,/,/,/,/,/,no notes
1451,Code Flag Tables for BUFRCREX Table B,33,033015,/,/,/,/,/,no notes
1452,Code Flag Tables for BUFRCREX Table B,33,033020,/,/,/,/,/,no notes
1453,Code Flag Tables for BUFRCREX Table B,33,033021,/,/,/,/,/,no notes
1454,Code Flag Tables for BUFRCREX Table B,33,033022,/,/,/,/,/,no notes
1455,Code Flag Tables for BUFRCREX Table B,33,033023,/,/,/,/,/,no notes
1456,Code Flag Tables for BUFRCREX Table B,33,033024,/,/,/,/,/,no notes
1457,Code Flag Tables for BUFRCREX Table B,33,033025,/,/,/,/,/,no notes
1458,Code Flag Tables for BUFRCREX Table B,33,033026,/,/,/,/,/,no notes
1459,Code Flag Tables for BUFRCREX Table B,33,033027,/,/,/,/,/,no notes
1460,Code Flag Tables for BUFRCREX Table B,33,033028,/,/,/,/,/,no notes
1461,Code Flag Tables for BUFRCREX Table B,33,033030,n/a,n/a,no id,If bit is set to 1 then statement is true.,tbd,
1462,Code Flag Tables for BUFRCREX Table B,33,033031,n/a,n/a,1,If bit is set to 1 then statement is true.,tbd,
1463,Code Flag Tables for BUFRCREX Table B,33,033031,n/a,n/a,2,Bits 1-4 represent time problem code. All bits off implies the scan time is as expected.,tbd,
1464,Code Flag Tables for BUFRCREX Table B,33,033031,n/a,n/a,3,"Bits 5-10 represent calibration problem code. All bits set to zero indicated normal calibration. Where any of bits 5, 7, 10 are set, secondary calibration coefficients have been used.",tbd,
1465,Code Flag Tables for BUFRCREX Table B,33,033031,n/a,n/a,4,Bits 11-17 represent Earth location problem code. All bits set to zero implies the Earth location was normal.,tbd,
1466,Code Flag Tables for BUFRCREX Table B,33,033032,n/a,n/a,no id,All bits off implies a good calibration.,tbd,
1467,Code Flag Tables for BUFRCREX Table B,33,033033,n/a,n/a,1,All bits off implies a good calibration.,tbd,
1468,Code Flag Tables for BUFRCREX Table B,33,033033,2-21,n/a,2,"Bits 2-21 used for HIRS, but only bits 2-16 used for AMSU-A and only bits 2-6 used for AMSU-B.",code,
1469,Code Flag Tables for BUFRCREX Table B,33,033035,/,/,/,/,/,no notes
1470,Code Flag Tables for BUFRCREX Table B,33,033037,/,/,/,/,/,no notes
1471,Code Flag Tables for BUFRCREX Table B,33,033038,n/a,n/a,*,GNSS = Global Navigation Satellite Systems,title,
1472,Code Flag Tables for BUFRCREX Table B,33,033039,/,/,/,/,/,no notes
1473,Code Flag Tables for BUFRCREX Table B,33,033041,n/a,n/a,no id,"This descriptor will be associated with visibility data or height of clouds data to specify if the value is bounded. If the reported data is the true value, the code figure is 0. However, the measurement can hit the limit of the instrument measurement capability. If the reported value is higher than the true value, the codefigure is 1; if the reported value is lower than the true value, the code figure is 2.",tbd,
1474,Code Flag Tables for BUFRCREX Table B,33,033042,/,/,/,/,/,no notes
1475,Code Flag Tables for BUFRCREX Table B,33,033043,/,/,/,/,/,no notes
1476,Code Flag Tables for BUFRCREX Table B,33,033044,/,/,/,/,/,no notes
1477,Code Flag Tables for BUFRCREX Table B,33,033047,/,/,/,/,/,no notes
1478,Code Flag Tables for BUFRCREX Table B,33,033048,n/a,n/a,*,* SAR = Synthetic aperture radar,title,
1479,Code Flag Tables for BUFRCREX Table B,33,033049,/,/,/,/,/,no notes
1480,Code Flag Tables for BUFRCREX Table B,33,033050,/,/,/,/,/,no notes
1481,Code Flag Tables for BUFRCREX Table B,33,033052,/,/,/,/,/,no notes
1482,Code Flag Tables for BUFRCREX Table B,33,033053,/,/,/,/,/,no notes
1483,Code Flag Tables for BUFRCREX Table B,33,033055,/,/,/,/,/,no notes
1484,Code Flag Tables for BUFRCREX Table B,33,033056,/,/,/,/,/,no notes
1485,Code Flag Tables for BUFRCREX Table B,33,033060,/,/,/,/,/,no notes
1486,Code Flag Tables for BUFRCREX Table B,33,033066,n/a,n/a,*,Atmospheric motion vectors,title,
1487,Code Flag Tables for BUFRCREX Table B,33,033070,/,/,/,/,/,no notes
1488,Code Flag Tables for BUFRCREX Table B,33,033071,/,/,/,/,/,no notes
1489,Code Flag Tables for BUFRCREX Table B,33,033072,/,/,/,/,/,no notes
1490,Code Flag Tables for BUFRCREX Table B,33,033075,3,(see Note 1),1,Set to 1 if laser wavelength calculation is invalid due to laser diode bias current and/or laser diode temperature measurements being outside the predetermined allowable ranges. These ranges are tunable.In this case Lambda monitored calculation shall have 1 bit per scan.,code,
1491,Code Flag Tables for BUFRCREX Table B,33,033075,4,(see Note 2),2,"These temperatures are used to compute the ""environmental"" contribution to the internal calibration target(ICT) radiances. When this bit is set to 1, the invalid temperatures shall be replaced with the validated temperature values of the ICT.",code,
1492,Code Flag Tables for BUFRCREX Table B,33,033076,1,(see Note),no id,Set to 1 if at least one spectrum in the deep space moving average was invalidated due to a lunar intrusion.,code,
1493,Code Flag Tables for BUFRCREX Table B,33,033076,2,(see Note),no id,Set to 1 if at least one spectrum in the deep space moving average was invalidated due to a lunar intrusion.,code,
1494,Code Flag Tables for BUFRCREX Table B,33,033077,SDR*,n/a,*,SDR = Sensor data record,word,
1495,Code Flag Tables for BUFRCREX Table B,33,033077,RDR**,n/a,**,RDR = Raw data record,word,
1496,Code Flag Tables for BUFRCREX Table B,33,033077,2,(see Note 1),1,"SDR quality is invalid if bit trim failed (see bit 12), or fringe count error detected (see bit 11), or invalid raw data record (RDR) data (see bit 10), or invalid radiometric calibration (see bit 5), or invalid spectral calibration (see bit 7).",code,
1497,Code Flag Tables for BUFRCREX Table B,33,033077,5,(see Note 2),2,"Radiometric calibration is invalid if radiometric calibration is not performed, or if it is performed with invalid calibration data (e.g., deep space window size = 0).",code,
1498,Code Flag Tables for BUFRCREX Table B,33,033077,7,(see Note 3),3,"Spectral calibration is invalid if fringe count error detected and corrected (see bit 8), or if neon calibration is suspect and Lambda monitored calculation cannot be updated (see ""Scan-level quality flags"" (0 33 075) -bit 3).",code,
1499,Code Flag Tables for BUFRCREX Table B,33,033077,8,(see Note 4),4,"Set to 0 if no fringe count error was detected (see bit 11), or a fringe count error was detected but it was not corrected.",code,
1500,Code Flag Tables for BUFRCREX Table B,33,033077,9,(see Note 5),5,Set to 0 if day (solar zenith angle < 90°). Set to 1 if night (solar zenith angle ≥ 90°).,code,
1501,Code Flag Tables for BUFRCREX Table B,33,033077,10,(see Note 6),6,This flag indicates the instrument exhibited operational errors and the associated interferogram(s) is/are excluded from SDR processing.,code,
1502,Code Flag Tables for BUFRCREX Table B,33,033077,11,(see Note 7),7,"This flag indicates that a significant number of fringes have been missed, shifting the interferogram ZPD outside of a window monitored by the instrument, and the interferogram is excluded from SDR processing.",code,
1503,Code Flag Tables for BUFRCREX Table B,33,033078,/,/,/,/,/,no notes
1504,Code Flag Tables for BUFRCREX Table B,33,033079,/,/,/,/,/,no notes
1505,Code Flag Tables for BUFRCREX Table B,33,033080,7,*,*,PRT = Platinum Resistance Temperature,word,
1506,Code Flag Tables for BUFRCREX Table B,33,033081,/,/,/,/,/,no notes
1507,Code Flag Tables for BUFRCREX Table B,33,033082,/,/,/,/,/,no notes
1508,Code Flag Tables for BUFRCREX Table B,33,033083,7,n/a,*,OBC = on-board calibration,word,OBC
1509,Code Flag Tables for BUFRCREX Table B,33,033084,/,/,/,/,/,no notes
1510,Code Flag Tables for BUFRCREX Table B,33,033085,5,n/a,*,AOT = Aerosol optical thickness,word,
1511,Code Flag Tables for BUFRCREX Table B,33,033085,13,n/a,**,SDR = Sensor data record,word,
1512,Code Flag Tables for BUFRCREX Table B,33,033085,13,n/a,***,APSP = Aerosol particle size parameter,word,
1513,Code Flag Tables for BUFRCREX Table B,33,033086,/,/,/,/,/,no notes
1514,Code Flag Tables for BUFRCREX Table B,33,033087,/,/,/,/,/,no notes
1515,Code Flag Tables for BUFRCREX Table B,33,033088,9,n/a,*,IFOV = Instantaneous field of view,word,
1516,Code Flag Tables for BUFRCREX Table B,33,033092,/,/,/,/,/,no notes
1517,Code Flag Tables for BUFRCREX Table B,35,035000,/,/,/,/,/,no notes
1518,Code Flag Tables for BUFRCREX Table B,35,035001,/,/,/,/,/,no notes
1519,Code Flag Tables for BUFRCREX Table B,35,035030,/,/,/,/,/,no notes
1520,Code Flag Tables for BUFRCREX Table B,35,035031,/,/,/,/,/,no notes
1521,Code Flag Tables for BUFRCREX Table B,35,035032,/,/,/,/,/,no notes
1522,Code Flag Tables for BUFRCREX Table B,35,035033,/,/,/,/,/,no notes
1523,Code Flag Tables for BUFRCREX Table B,35,035034,/,/,/,/,/,no notes
1524,Code Flag Tables for BUFRCREX Table B,35,035035,/,/,/,/,/,no notes
1525,Code Flag Tables for BUFRCREX Table B,40,040005,n/a,n/a,no id,"The nominal range for the surface soil moisture is 0% - 100%. In extreme cases, the extrapolated backscatter at 40 degrees incidence angle may exceed the dry or the wet backscatter reference. In these cases, the value provided by the measurement process of surface soil moisture is, respectively,less than 0% or more than 100%.",tbd,
1526,Code Flag Tables for BUFRCREX Table B,40,040006,n/a,n/a,no id,See Note under Flag table 0 40 005.,tbd,references not in other table
1527,Code Flag Tables for BUFRCREX Table B,40,040011,/,/,/,/,/,no notes
1528,Code Flag Tables for BUFRCREX Table B,40,040012,/,/,/,/,/,no notes
1529,Code Flag Tables for BUFRCREX Table B,40,040013,tbd,n/a,*,JMR = JASON-1 Microwave Radiometer,word,
1530,Code Flag Tables for BUFRCREX Table B,40,040020,/,/,/,/,/,no notes
1531,Code Flag Tables for BUFRCREX Table B,40,040023,/,/,/,/,/,no notes
1532,Code Flag Tables for BUFRCREX Table B,40,040024,/,/,/,/,/,no notes
1533,Code Flag Tables for BUFRCREX Table B,40,040025,/,/,/,/,/,no notes
1534,Code Flag Tables for BUFRCREX Table B,40,040028,/,/,/,/,/,no notes
1535,Code Flag Tables for BUFRCREX Table B,40,040036,/,/,/,/,/,no notes
1536,Code Flag Tables for BUFRCREX Table B,40,040043,/,/,/,/,/,no notes
1537,Code Flag Tables for BUFRCREX Table B,40,040045,/,/,/,/,/,no notes
1538,Code Flag Tables for BUFRCREX Table B,40,040046,/,/,/,/,/,no notes
1539,Code Flag Tables for BUFRCREX Table B,40,040047,/,/,/,/,/,no notes
1540,Code Flag Tables for BUFRCREX Table B,40,040048,/,/,/,/,/,no notes
1541,Code Flag Tables for BUFRCREX Table B,40,040049,/,/,/,/,/,no notes
1542,Code Flag Tables for BUFRCREX Table B,40,040050,/,/,/,/,/,no notes
1543,Code Flag Tables for BUFRCREX Table B,40,040051,/,/,/,/,/,no notes
1544,Code Flag Tables for BUFRCREX Table B,40,040052,/,/,/,/,/,no notes
1545,Code Flag Tables for BUFRCREX Table B,40,040054,/,/,/,/,/,no notes
1546,Code Flag Tables for BUFRCREX Table B,40,040055,/,/,/,/,/,no notes
1547,Code Flag Tables for BUFRCREX Table B,40,040056,/,/,/,/,/,no notes
1548,Code Flag Tables for BUFRCREX Table B,40,040057,/,/,/,/,/,no notes
1549,Code Flag Tables for BUFRCREX Table B,40,040068,/,/,/,/,/,no notes
1550,Code Flag Tables for BUFRCREX Table B,40,040074,/,/,/,/,/,no notes
1551,Code Flag Tables for BUFRCREX Table B,42,042004,/,/,/,/,/,no notes